fen,cp,phase,material,piece_square,mobility,pawn_structure,activity,development,center_control,initiative,king_safety,king_activity,passed_pawn,tempo,total
7k/5Q2/6K1/8/8/8/8/8 w - - 0 1,,4,900,30,84,0,21,0,2,0,3,2,0,0,1042
r6k/5Q2/6K1/8/8/8/8/R7 w - - 0 1,,8,900,26,80,0,21,0,3,0,4,1,0,0,1035
2b4k/8/6K1/5Q2/8/8/8/2B5 w - - 0 1,,6,900,61,88,0,27,0,9,22,-3,1,0,0,1105
1n5k/8/6K1/8/8/8/4Q3/1N6 w - - 0 1,,6,900,31,104,0,23,0,6,0,0,1,0,0,1065
k7/4Q2p/2K5/8/8/8/8/7R w - - 0 1,,6,1300,51,128,-2,33,0,9,7,3,2,-6,0,1525
7k/p7/6K1/8/8/8/1P6/B4Q2 w - - 0 1,,5,1230,73,92,14,20,2,0,0,0,1,0,0,1432
8/8/8/8/8/1k6/2q5/K7 b - - 0 1,,4,900,0,84,0,21,0,2,0,3,2,0,0,1012
4k3/4q3/8/8/8/8/P3Q3/4R1K1 w - - 0 1,,10,600,-8,16,3,19,0,0,0,4,0,4,0,638
4k3/3q4/8/8/8/8/3Q4/3R2K1 w - - 0 1,,10,500,8,12,0,20,0,0,0,4,0,0,0,544
4k3/5q2/8/8/8/8/5Q2/4B1K1 w - - 0 1,,9,330,-35,8,0,7,3,0,0,0,0,0,0,313
3k4/3r4/8/8/8/8/3R4/3Q2K1 w - - 0 1,,8,900,-11,36,0,12,0,0,0,4,-1,0,0,940
2k5/2q5/8/8/8/8/2R3B1/4K3 w - - 0 1,,7,-70,85,-4,0,17,2,3,-35,7,1,0,0,6
7k/6b1/8/8/8/8/1B2P3/4K3 w - - 0 1,,2,100,-22,20,25,2,0,0,-22,10,2,26,10,151
4k3/8/5q2/3N4/8/8/8/4K3 w - - 0 1,,5,-580,15,-52,0,-13,2,-5,63,-3,0,0,0,-573
k3r3/8/8/8/8/8/P7/4K3 w - - 0 1,,2,-400,36,-36,20,-20,0,-4,0,-5,2,7,10,-390
4k2r/8/8/8/8/8/P7/1N5K w - - 0 1,,3,-80,-69,-24,19,-20,0,0,0,-5,-2,7,0,-174
